solver,metric,snr,value
SD-LARS,FDR,0.100000,0.000000
SD-LARS,TPR,0.100000,0.002500
SD-LARS,AvgL,0.100000,2.615000
SD-LARS,AvgT,0.100000,4.850000
SD-LARS,FDR,0.200000,0.007917
SD-LARS,TPR,0.200000,0.022000
SD-LARS,AvgL,0.200000,4.710000
SD-LARS,AvgT,0.200000,4.930000
SD-LARS,FDR,0.500000,0.041371
SD-LARS,TPR,0.500000,0.274000
SD-LARS,AvgL,0.500000,6.865000
SD-LARS,AvgT,0.500000,7.700000
SD-LARS,FDR,0.600000,0.047185
SD-LARS,TPR,0.600000,0.357500
SD-LARS,AvgL,0.600000,6.145000
SD-LARS,AvgT,0.600000,6.025000
SD-LARS,FDR,1.000000,0.044820
SD-LARS,TPR,1.000000,0.751500
SD-LARS,AvgL,1.000000,3.705000
SD-LARS,AvgT,1.000000,7.635000
SD-LARS,FDR,2.000000,0.035290
SD-LARS,TPR,2.000000,0.978500
SD-LARS,AvgL,2.000000,1.905000
SD-LARS,AvgT,2.000000,6.410000
SD-LARS,FDR,5.000000,0.024126
SD-LARS,TPR,5.000000,1.000000
SD-LARS,AvgL,5.000000,1.130000
SD-LARS,AvgT,5.000000,4.790000
SD-OMP,FDR,0.100000,0.000000
SD-OMP,TPR,0.100000,0.002500
SD-OMP,AvgL,0.100000,2.615000
SD-OMP,AvgT,0.100000,8.345000
SD-OMP,FDR,0.200000,0.005000
SD-OMP,TPR,0.200000,0.015500
SD-OMP,AvgL,0.200000,4.660000
SD-OMP,AvgT,0.200000,6.580000
SD-OMP,FDR,0.500000,0.011804
SD-OMP,TPR,0.500000,0.214000
SD-OMP,AvgL,0.500000,6.470000
SD-OMP,AvgT,0.500000,6.365000
SD-OMP,FDR,0.600000,0.018877
SD-OMP,TPR,0.600000,0.320500
SD-OMP,AvgL,0.600000,5.835000
SD-OMP,AvgT,0.600000,7.190000
SD-OMP,FDR,1.000000,0.024073
SD-OMP,TPR,1.000000,0.878500
SD-OMP,AvgL,1.000000,2.650000
SD-OMP,AvgT,1.000000,7.480000
SD-OMP,FDR,2.000000,0.028576
SD-OMP,TPR,2.000000,0.998500
SD-OMP,AvgL,2.000000,1.150000
SD-OMP,AvgT,2.000000,8.690000
SD-OMP,FDR,5.000000,0.030186
SD-OMP,TPR,5.000000,1.000000
SD-OMP,AvgL,5.000000,1.075000
SD-OMP,AvgT,5.000000,8.755000
SD-AFS_rho_0.3,FDR,0.100000,0.005000
SD-AFS_rho_0.3,TPR,0.100000,0.002500
SD-AFS_rho_0.3,AvgL,0.100000,2.615000
SD-AFS_rho_0.3,AvgT,0.100000,5.875000
SD-AFS_rho_0.3,FDR,0.200000,0.010833
SD-AFS_rho_0.3,TPR,0.200000,0.021500
SD-AFS_rho_0.3,AvgL,0.200000,4.660000
SD-AFS_rho_0.3,AvgT,0.200000,4.850000
SD-AFS_rho_0.3,FDR,0.500000,0.031232
SD-AFS_rho_0.3,TPR,0.500000,0.259000
SD-AFS_rho_0.3,AvgL,0.500000,6.500000
SD-AFS_rho_0.3,AvgT,0.500000,6.420000
SD-AFS_rho_0.3,FDR,0.600000,0.020800
SD-AFS_rho_0.3,TPR,0.600000,0.379500
SD-AFS_rho_0.3,AvgL,0.600000,5.735000
SD-AFS_rho_0.3,AvgT,0.600000,7.345000
SD-AFS_rho_0.3,FDR,1.000000,0.031370
SD-AFS_rho_0.3,TPR,1.000000,0.878000
SD-AFS_rho_0.3,AvgL,1.000000,3.005000
SD-AFS_rho_0.3,AvgT,1.000000,6.995000
SD-AFS_rho_0.3,FDR,2.000000,0.029608
SD-AFS_rho_0.3,TPR,2.000000,0.998500
SD-AFS_rho_0.3,AvgL,2.000000,1.145000
SD-AFS_rho_0.3,AvgT,2.000000,7.140000
SD-AFS_rho_0.3,FDR,5.000000,0.035630
SD-AFS_rho_0.3,TPR,5.000000,1.000000
SD-AFS_rho_0.3,AvgL,5.000000,1.165000
SD-AFS_rho_0.3,AvgT,5.000000,7.420000
VD-LARS,FDR,0.100000,0.015000
VD-LARS,TPR,0.100000,0.001000
VD-LARS,AvgL,0.100000,2.630000
VD-LARS,AvgT,0.100000,2.850000
VD-LARS,FDR,0.200000,0.026667
VD-LARS,TPR,0.200000,0.022500
VD-LARS,AvgL,0.200000,4.550000
VD-LARS,AvgT,0.200000,2.700000
VD-LARS,FDR,0.500000,0.043512
VD-LARS,TPR,0.500000,0.266500
VD-LARS,AvgL,0.500000,6.790000
VD-LARS,AvgT,0.500000,4.820000
VD-LARS,FDR,0.600000,0.054238
VD-LARS,TPR,0.600000,0.376500
VD-LARS,AvgL,0.600000,6.420000
VD-LARS,AvgT,0.600000,5.275000
VD-LARS,FDR,1.000000,0.041689
VD-LARS,TPR,1.000000,0.739500
VD-LARS,AvgL,1.000000,3.450000
VD-LARS,AvgT,1.000000,5.485000
VD-LARS,FDR,2.000000,0.035380
VD-LARS,TPR,2.000000,0.976000
VD-LARS,AvgL,2.000000,1.800000
VD-LARS,AvgT,2.000000,4.670000
VD-LARS,FDR,5.000000,0.023182
VD-LARS,TPR,5.000000,1.000000
VD-LARS,AvgL,5.000000,1.150000
VD-LARS,AvgT,5.000000,4.370000
VD-OMP,FDR,0.100000,0.020000
VD-OMP,TPR,0.100000,0.001000
VD-OMP,AvgL,0.100000,2.630000
VD-OMP,AvgT,0.100000,5.400000
VD-OMP,FDR,0.200000,0.007500
VD-OMP,TPR,0.200000,0.014500
VD-OMP,AvgL,0.200000,4.545000
VD-OMP,AvgT,0.200000,4.875000
VD-OMP,FDR,0.500000,0.012917
VD-OMP,TPR,0.500000,0.215500
VD-OMP,AvgL,0.500000,6.250000
VD-OMP,AvgT,0.500000,5.085000
VD-OMP,FDR,0.600000,0.017198
VD-OMP,TPR,0.600000,0.326000
VD-OMP,AvgL,0.600000,5.610000
VD-OMP,AvgT,0.600000,5.415000
VD-OMP,FDR,1.000000,0.025851
VD-OMP,TPR,1.000000,0.872500
VD-OMP,AvgL,1.000000,2.265000
VD-OMP,AvgT,1.000000,5.230000
VD-OMP,FDR,2.000000,0.028321
VD-OMP,TPR,2.000000,0.999500
VD-OMP,AvgL,2.000000,1.125000
VD-OMP,AvgT,2.000000,5.790000
VD-OMP,FDR,5.000000,0.027197
VD-OMP,TPR,5.000000,1.000000
VD-OMP,AvgL,5.000000,1.105000
VD-OMP,AvgT,5.000000,5.755000
VD-AFS_rho_0.3,FDR,0.100000,0.015000
VD-AFS_rho_0.3,TPR,0.100000,0.001000
VD-AFS_rho_0.3,AvgL,0.100000,2.630000
VD-AFS_rho_0.3,AvgT,0.100000,4.570000
VD-AFS_rho_0.3,FDR,0.200000,0.015000
VD-AFS_rho_0.3,TPR,0.200000,0.019000
VD-AFS_rho_0.3,AvgL,0.200000,4.500000
VD-AFS_rho_0.3,AvgT,0.200000,3.965000
VD-AFS_rho_0.3,FDR,0.500000,0.032060
VD-AFS_rho_0.3,TPR,0.500000,0.254500
VD-AFS_rho_0.3,AvgL,0.500000,6.400000
VD-AFS_rho_0.3,AvgT,0.500000,5.035000
VD-AFS_rho_0.3,FDR,0.600000,0.029701
VD-AFS_rho_0.3,TPR,0.600000,0.373500
VD-AFS_rho_0.3,AvgL,0.600000,5.905000
VD-AFS_rho_0.3,AvgT,0.600000,5.320000
VD-AFS_rho_0.3,FDR,1.000000,0.027242
VD-AFS_rho_0.3,TPR,1.000000,0.880000
VD-AFS_rho_0.3,AvgL,1.000000,2.510000
VD-AFS_rho_0.3,AvgT,1.000000,5.405000
VD-AFS_rho_0.3,FDR,2.000000,0.027610
VD-AFS_rho_0.3,TPR,2.000000,0.999000
VD-AFS_rho_0.3,AvgL,2.000000,1.125000
VD-AFS_rho_0.3,AvgT,2.000000,5.295000
VD-AFS_rho_0.3,FDR,5.000000,0.029411
VD-AFS_rho_0.3,TPR,5.000000,1.000000
VD-AFS_rho_0.3,AvgL,5.000000,1.115000
VD-AFS_rho_0.3,AvgT,5.000000,5.410000
TLARS,FDR,0.100000,0.020000
TLARS,TPR,0.100000,0.001500
TLARS,AvgL,0.100000,2.805000
TLARS,AvgT,0.100000,4.775000
TLARS,FDR,0.200000,0.022500
TLARS,TPR,0.200000,0.019000
TLARS,AvgL,0.200000,5.230000
TLARS,AvgT,0.200000,5.520000
TLARS,FDR,0.500000,0.050706
TLARS,TPR,0.500000,0.278500
TLARS,AvgL,0.500000,7.380000
TLARS,AvgT,0.500000,7.960000
TLARS,FDR,0.600000,0.057937
TLARS,TPR,0.600000,0.375000
TLARS,AvgL,0.600000,6.750000
TLARS,AvgT,0.600000,8.035000
TLARS,FDR,1.000000,0.049453
TLARS,TPR,1.000000,0.762500
TLARS,AvgL,1.000000,4.370000
TLARS,AvgT,1.000000,8.915000
TLARS,FDR,2.000000,0.038550
TLARS,TPR,2.000000,0.982000
TLARS,AvgL,2.000000,2.015000
TLARS,AvgT,2.000000,6.395000
TLARS,FDR,5.000000,0.030379
TLARS,TPR,5.000000,1.000000
TLARS,AvgL,5.000000,1.215000
TLARS,AvgT,5.000000,4.940000
TOMP,FDR,0.100000,0.015000
TOMP,TPR,0.100000,0.001500
TOMP,AvgL,0.100000,2.805000
TOMP,AvgT,0.100000,5.585000
TOMP,FDR,0.200000,0.007500
TOMP,TPR,0.200000,0.012000
TOMP,AvgL,0.200000,5.205000
TOMP,AvgT,0.200000,5.235000
TOMP,FDR,0.500000,0.015131
TOMP,TPR,0.500000,0.217000
TOMP,AvgL,0.500000,7.100000
TOMP,AvgT,0.500000,6.185000
TOMP,FDR,0.600000,0.016393
TOMP,TPR,0.600000,0.317500
TOMP,AvgL,0.600000,6.880000
TOMP,AvgT,0.600000,6.555000
TOMP,FDR,1.000000,0.023909
TOMP,TPR,1.000000,0.892500
TOMP,AvgL,1.000000,3.030000
TOMP,AvgT,1.000000,6.615000
TOMP,FDR,2.000000,0.028879
TOMP,TPR,2.000000,0.999000
TOMP,AvgL,2.000000,1.175000
TOMP,AvgT,2.000000,5.505000
TOMP,FDR,5.000000,0.033626
TOMP,TPR,5.000000,1.000000
TOMP,AvgL,5.000000,1.165000
TOMP,AvgT,5.000000,5.585000
TAFS_rho_0.3,FDR,0.100000,0.020000
TAFS_rho_0.3,TPR,0.100000,0.001500
TAFS_rho_0.3,AvgL,0.100000,2.805000
TAFS_rho_0.3,AvgT,0.100000,4.450000
TAFS_rho_0.3,FDR,0.200000,0.017417
TAFS_rho_0.3,TPR,0.200000,0.017500
TAFS_rho_0.3,AvgL,0.200000,5.215000
TAFS_rho_0.3,AvgT,0.200000,4.125000
TAFS_rho_0.3,FDR,0.500000,0.028667
TAFS_rho_0.3,TPR,0.500000,0.266500
TAFS_rho_0.3,AvgL,0.500000,7.105000
TAFS_rho_0.3,AvgT,0.500000,5.895000
TAFS_rho_0.3,FDR,0.600000,0.025254
TAFS_rho_0.3,TPR,0.600000,0.388000
TAFS_rho_0.3,AvgL,0.600000,6.575000
TAFS_rho_0.3,AvgT,0.600000,6.550000
TAFS_rho_0.3,FDR,1.000000,0.033054
TAFS_rho_0.3,TPR,1.000000,0.888500
TAFS_rho_0.3,AvgL,1.000000,3.105000
TAFS_rho_0.3,AvgT,1.000000,6.025000
TAFS_rho_0.3,FDR,2.000000,0.032576
TAFS_rho_0.3,TPR,2.000000,0.998000
TAFS_rho_0.3,AvgL,2.000000,1.190000
TAFS_rho_0.3,AvgT,2.000000,4.925000
TAFS_rho_0.3,FDR,5.000000,0.029505
TAFS_rho_0.3,TPR,5.000000,1.000000
TAFS_rho_0.3,AvgL,5.000000,1.165000
TAFS_rho_0.3,AvgT,5.000000,4.930000
